{
    "code": 1,
    "message": "success",
    "data": [
        {
            "name": "person",
            "class": 0,
            "confidence": 0.958827018737793,
            "box": {
                "x1": 131.6007080078125,
                "y1": 200.68508911132812,
                "x2": 1070.1448974609375,
                "y2": 712.1112670898438
            }
        },
        {
            "name": "person",
            "class": 0,
            "confidence": 0.9381426572799683,
            "box": {
                "x1": 746.44921875,
                "y1": 41.52629852294922,
                "x2": 1136.0830078125,
                "y2": 709.6884765625
            }
        }
    ]
}